{"cameraMode":{"drawMode":0,"name":"Shaded","section":"Shading Mode"},"sceneLighting":false,"audioPlay":false,"sceneViewState":{"showFog":true,"showMaterialUpdate":false,"showSkybox":true,"showFlares":true,"showImageEffects":true,"showParticleSystems":true},"in2DMode":false,"pivot":{"x":1.8000030517578126,"y":35.69999313354492,"z":-1.1749496459960938},"rotation":{"x":0.27778583765029909,"y":-0.2756645381450653,"z":0.08355782181024552,"w":0.9164400100708008},"size":22.0,"orthographic":false}