{"cameraMode":{"drawMode":0,"name":"Shaded","section":"Shading Mode"},"sceneLighting":false,"audioPlay":false,"sceneViewState":{"showFog":true,"showMaterialUpdate":false,"showSkybox":true,"showFlares":true,"showImageEffects":true,"showParticleSystems":true},"in2DMode":false,"pivot":{"x":-8.348082542419434,"y":-17.2810001373291,"z":11.31976318359375},"rotation":{"x":0.33025553822517397,"y":-0.3836088180541992,"z":0.14914590120315553,"w":0.8494299054145813},"size":2.8578836917877199,"orthographic":false}