{"cameraMode":{"drawMode":0,"name":"Shaded","section":"Shading Mode"},"sceneLighting":false,"audioPlay":false,"sceneViewState":{"showFog":true,"showMaterialUpdate":false,"showSkybox":true,"showFlares":true,"showImageEffects":true,"showParticleSystems":true},"in2DMode":false,"pivot":{"x":-8.348082542419434,"y":-17.2810001373291,"z":11.31976318359375},"rotation":{"x":-0.0003409506753087044,"y":0.9587252140045166,"z":-0.28433188796043398,"w":-0.0011495708022266627},"size":2.8578836917877199,"orthographic":false}