{"cameraMode":{"drawMode":0,"name":"Shaded","section":"Shading Mode"},"sceneLighting":true,"audioPlay":false,"sceneViewState":{"showFog":true,"showMaterialUpdate":false,"showSkybox":true,"showFlares":true,"showImageEffects":true,"showParticleSystems":true},"in2DMode":false,"pivot":{"x":5.7010498046875,"y":-28.655258178710939,"z":214.3937225341797},"rotation":{"x":-0.13481518626213075,"y":0.5551260113716126,"z":-0.09175706654787064,"w":-0.815622866153717},"size":391.8752746582031,"orthographic":false}