{"cameraMode":{"drawMode":0,"name":"Shaded","section":"Shading Mode"},"sceneLighting":false,"audioPlay":false,"sceneViewState":{"showFog":true,"showMaterialUpdate":false,"showSkybox":true,"showFlares":true,"showImageEffects":true,"showParticleSystems":true},"in2DMode":false,"pivot":{"x":-8.348082542419434,"y":-17.2810001373291,"z":11.31976318359375},"rotation":{"x":0.41350823640823367,"y":-0.0051826597191393379,"z":0.0023531923070549967,"w":0.9104825854301453},"size":2.8578836917877199,"orthographic":false}