{"cameraMode":{"drawMode":0,"name":"Shaded","section":"Shading Mode"},"sceneLighting":false,"audioPlay":false,"sceneViewState":{"showFog":true,"showMaterialUpdate":false,"showSkybox":true,"showFlares":true,"showImageEffects":true,"showParticleSystems":true},"in2DMode":false,"pivot":{"x":-6.539324760437012,"y":-27.876571655273439,"z":8.228775024414063},"rotation":{"x":0.41350823640823367,"y":-0.0051826597191393379,"z":0.0023531923070549967,"w":0.9104825854301453},"size":26.076351165771486,"orthographic":false}