{"cameraMode":{"drawMode":0,"name":"Shaded","section":"Shading Mode"},"sceneLighting":true,"audioPlay":false,"sceneViewState":{"showFog":false,"showMaterialUpdate":false,"showSkybox":false,"showFlares":false,"showImageEffects":false,"showParticleSystems":false},"in2DMode":false,"pivot":{"x":58.042423248291019,"y":119.10511016845703,"z":190.76425170898438},"rotation":{"x":0.00039840623503550887,"y":-0.9996017217636108,"z":0.01980748027563095,"w":0.020098675042390825},"size":78.67852783203125,"orthographic":false}